player_id,player_name,primary_team,n_matches_played,total_minutes_played,sub_cluster_id,shots_p90,np_goals_p90,avg_shot_distance,dribbles_p90,dribble_success_rate,touches_p90,touches_in_box_p90,key_passes_p90,assists_p90,aerial_won_p90,pressures_p90,fouls_won_p90,avg_location_x,avg_location_y,std_location_x,std_location_y,passes_p90
5198,Diego da Silva Costa,Chelsea,28,2468.0,2,2.552674230145867,0.4376012965964343,13.682799986268169,3.792544570502431,0.4519230769230769,137.0421393841167,21.73419773095624,0.7293354943273905,0.1823338735818476,2.2244732576985413,12.179902755267422,2.151539708265802,83.241857370942,35.682490686535395,20.946785549651896,20.65799194396149,29.829821717990274
3668,Theo Walcott,Arsenal,28,1430.0,0,2.8951048951048954,0.3146853146853147,15.267859880621032,3.0209790209790213,0.5416666666666666,96.73426573426576,15.041958041958043,0.8181818181818182,0.1258741258741259,0.5034965034965035,9.566433566433568,1.7622377622377623,78.90761223162005,37.8772283669486,26.11195107414282,24.39992111233397,20.95804195804196
3604,Olivier Giroud,Arsenal,38,2541.0,2,3.648170011806376,0.5312868949232586,12.451824472200958,1.0271546635183,0.4827586206896552,117.34356552538372,22.73907910271547,0.9208972845336484,0.2125147579693034,5.560802833530107,15.088547815820544,1.2750885478158207,81.69468759432537,36.46622396619379,22.556408858506472,19.697060892584016,29.220779220779225
11117,Scott Sinclair,Aston Villa,27,1668.0,0,0.9172661870503596,0.0539568345323741,17.66887209827546,3.345323741007194,0.532258064516129,93.39928057553956,8.848920863309353,0.2158273381294964,0.0,0.4316546762589928,11.06115107913669,1.2410071942446042,75.70335066435587,37.79145002888504,24.505073462433767,24.57446920993385,19.10071942446043
3450,Jordan Ayew,Aston Villa,30,2450.0,0,2.2408163265306125,0.2204081632653061,20.444734684386543,5.8040816326530615,0.5379746835443038,139.29795918367347,9.918367346938776,0.5142857142857143,0.0,2.3877551020408165,25.677551020408167,1.8000000000000005,76.71635021097048,33.10770042194093,21.96968847238285,23.666394010736703,30.269387755102045
19362,Rudy Gestede,Aston Villa,32,1799.0,1,3.1517509727626463,0.2501389660922735,13.98406220320918,1.000555864369094,0.65,106.50917176209006,16.008893829905503,0.5503057254030017,0.0500277932184547,12.707059477487494,9.505280711506392,0.7003891050583658,77.90821982151246,40.543400657585735,21.372304503494703,20.041442616744938,29.71650917176209
3237,Sergio Leonel Agüero del Castillo,Manchester City,30,2412.0,2,4.402985074626866,0.7462686567164178,16.11528320240619,4.141791044776119,0.5765765765765766,141.00746268656715,23.619402985074625,0.8955223880597014,0.0746268656716417,0.3731343283582089,10.373134328358208,1.716417910447761,85.32635617888329,39.52849960306959,19.93034307280968,20.894618339984824,27.61194029850746
3598,Wilfried Guemiand Bony,Manchester City,26,1291.0,1,4.252517428350116,0.278853601859024,14.770909406115624,1.7428350116189002,0.6,121.16189000774594,17.079783113865222,0.557707203718048,0.209140201394268,4.670797831138652,6.8319132455460885,1.603408210689388,79.27313003452242,41.213636363636375,19.95935535124265,19.87400715569784,27.74593338497289
3347,André Ayew Pelé,Swansea City,34,3005.0,0,2.0665557404326123,0.3594009983361065,15.922201491949448,2.48585690515807,0.4939759036144578,126.11980033277872,10.602329450915144,0.5091514143094842,0.059900166389351,1.707154742096506,17.94009983361065,2.425956738768719,73.66684872951794,49.88909997625269,22.00074291227795,20.973906789507257,32.88519134775375
20521,Bafétimbi Gomis,Swansea City,33,1806.0,1,2.9401993355481726,0.2491694352159468,18.83333857762932,2.3421926910299,0.6808510638297872,117.35880398671095,14.850498338870432,0.6976744186046512,0.0,2.691029900332226,10.3156146179402,1.2956810631229236,77.53622080679403,47.92963906581741,21.55935017046903,18.93698423869449,24.867109634551497
7171,Fabio Borini,Sunderland,26,1953.0,0,2.2580645161290325,0.184331797235023,20.25372434138802,1.8433179723502304,0.425,109.67741935483872,9.953917050691244,0.6912442396313364,0.0921658986175115,1.6129032258064515,17.51152073732719,2.3963133640553,75.12113445378154,42.30445378151261,24.90662669521628,23.998161981350925,27.649769585253456
22281,Duncan Watmore,Sunderland,23,1000.0,0,1.53,0.27,15.967644669188042,3.6,0.55,93.87,12.51,0.8099999999999999,0.09,0.72,14.04,1.62,81.52281879194634,45.29856184084372,25.375768424200388,24.44461499288337,15.66
9554,Steven Fletcher,Sunderland,16,1038.0,1,1.9942196531791907,0.3468208092485549,14.468987211992578,2.254335260115607,0.5384615384615384,110.28901734104046,12.398843930635838,0.8670520231213873,0.0,7.456647398843931,12.398843930635838,1.3872832369942196,78.67806603773586,42.716037735849056,20.458353886470587,20.283233712479227,25.491329479768787
3380,Christian Benteke Liolo,Liverpool,29,1634.0,2,3.525091799265606,0.4406364749082007,14.009927036485886,1.156670746634027,0.5238095238095238,114.124847001224,22.63769889840881,1.2668298653610772,0.1652386780905752,7.270501835985312,8.922888616891065,1.4871481028151774,82.30313706563709,37.6084942084942,21.160825720612102,19.211480169926137,27.15422276621787
3842,Shane Long,Southampton,28,2210.0,1,2.565610859728507,0.4072398190045249,15.170011026059418,1.1809954751131222,0.4137931034482758,109.75113122171946,14.823529411764708,1.2217194570135748,0.1628959276018099,5.009049773755656,14.619909502262445,1.832579185520362,82.73614100185529,38.93922077922078,21.778983076501472,22.14429056410748,26.429864253393667
3529,Daniel Andre Sturridge,Liverpool,14,1020.0,2,4.235294117647059,0.7058823529411765,21.008361574427123,3.2647058823529416,0.5405405405405406,131.2058823529412,18.08823529411765,0.4411764705882353,0.088235294117647,0.6176470588235294,8.73529411764706,1.2352941176470589,82.36018829858774,43.04068594485542,19.88475104801705,21.22794260108295,28.85294117647059
3671,José Leonardo Ulloa,Leicester City,29,1078.0,0,2.7551020408163263,0.4174397031539889,12.540156975697467,2.504638218923933,0.5666666666666667,132.57884972170686,15.77922077922078,0.75139146567718,0.0834879406307977,6.01113172541744,21.20593692022264,1.5862708719851577,78.85176322418135,43.13904282115869,25.216794325104484,23.831517392941127,33.06122448979592
10960,Jamie Vardy,Leicester City,36,3253.0,1,3.2646787580694743,0.5256686135874578,15.11366971746898,2.102674454349831,0.5131578947368421,93.65201352597605,15.853058715032278,0.9960036889025516,0.1383338456809099,3.0986781432523824,13.63971718413772,0.9406701506301876,84.48070901033974,38.0909601181684,21.02872713535105,21.351803035676696,18.785736243467568
3346,Joshua King,AFC Bournemouth,31,1965.0,0,2.564885496183206,0.2748091603053435,15.703022892348216,4.717557251908397,0.5533980582524272,117.57251908396948,17.17557251908397,0.9618320610687024,0.0916030534351145,1.83206106870229,27.16030534351145,1.4198473282442747,81.33280093494349,43.089014413712505,23.1030588382279,22.163506771580494,20.931297709923665
3810,Shinji Okazaki,Leicester City,36,2104.0,1,1.88212927756654,0.2138783269961977,12.66010134157541,1.92490494296578,0.5111111111111111,100.8222433460076,13.00380228136882,0.7271863117870722,0.0,3.165399239543726,22.029467680608363,2.4382129277566538,76.72032244378448,41.24577853203223,24.191829325008555,22.584924916262768,22.2861216730038
4041,José Salomón Rondón Giménez,West Bromwich Albion,34,2634.0,1,2.4601366742596813,0.3075170842824601,16.033706854443963,1.5034168564920274,0.4772727272727273,114.70387243735765,14.863325740318906,0.8200455580865604,0.0683371298405467,4.817767653758542,17.66514806378132,1.366742596810934,82.47381590705987,42.16047065832589,22.11425761263952,21.93241252644979,22.61958997722096
4630,Saido Berahino,West Bromwich Albion,31,1834.0,0,1.7666303162486368,0.1962922573609596,16.14240162706836,2.1592148309705563,0.6818181818181818,105.06543075245364,11.777535441657578,0.8833151581243184,0.0,0.7360959651035986,13.004362050163577,1.3740458015267176,78.64652031760859,37.72045773003269,23.94474749384177,21.01093845534121,23.21155943293348
3337,Jermain Defoe,Sunderland,33,2667.0,1,2.96962879640045,0.4724409448818898,16.779536987019938,1.4510686164229472,0.4651162790697674,85.68053993250844,13.532058492688414,0.6074240719910011,0.0337457817772778,0.6749156355455568,11.743532058492688,1.3160854893138358,82.33111461205199,36.40252067743205,20.23724744877944,19.13184519430009,14.814398200224971
30289,Papiss Demba Cissé,Newcastle United,21,1104.0,0,1.9565217391304348,0.2445652173913043,14.526383510269204,1.7934782608695652,0.7272727272727273,137.20108695652175,13.45108695652174,0.8152173913043479,0.0,3.342391304347826,15.652173913043478,0.8152173913043479,76.66369578134284,41.71711229946525,21.78811583340693,23.52900824209702,33.17934782608696
4269,Aleksandar Mitrović,Newcastle United,34,2216.0,1,3.249097472924188,0.2842960288808664,13.46217965145635,1.421480144404332,0.5142857142857142,125.90252707581227,17.017148014440433,0.8935018050541517,0.1624548736462094,5.442238267148015,15.879963898916968,2.3962093862815883,77.95441935483872,40.83283870967742,22.361541506206965,20.94988965264153,28.99819494584837
3953,Aaron Lennon,Everton,25,1614.0,0,1.003717472118959,0.2788104089219331,18.55978960549336,2.174721189591078,0.4871794871794871,102.26765799256503,7.41635687732342,1.1710037174721188,0.0,0.0,18.234200743494423,1.449814126394052,76.5081788440567,53.57851690294439,23.98323861852753,22.202799709078786,28.77323420074349
3289,Romelu Lukaku Menama,Everton,37,3290.0,2,3.1732522796352582,0.4650455927051671,15.150492444786297,2.407294832826748,0.5227272727272727,132.8662613981763,19.832826747720365,1.17629179331307,0.1641337386018237,3.4468085106382977,8.343465045592705,0.9574468085106383,82.46528721432982,43.32476837554045,19.612569382659988,18.952524859539327,30.419452887538
3278,Benik Afobe,AFC Bournemouth,15,953.0,1,1.3221406086044072,0.3777544596012592,11.147920179624998,1.888772298006296,0.4,103.88247639034628,14.16579223504722,1.038824763903463,0.0,1.6998950682056664,18.604407135362017,1.038824763903463,80.02009090909091,41.884999999999984,22.349987309146485,23.05494114856157,21.154249737670515
20641,Connor Wickham,Crystal Palace,21,1366.0,1,2.3060029282576866,0.2635431918008785,13.942229034639196,1.581259150805271,0.7083333333333334,115.1683748169839,13.374816983894585,0.6588579795021963,0.1976573938506588,5.797950219619326,16.998535871156662,1.5153733528550513,78.58146453089245,38.50892448512586,21.92979696917309,22.282939271921187,26.947291361639824
3454,Troy Deeney,Watford,38,3439.0,1,2.460017446932248,0.1831927886013376,17.81725134104493,1.3085199185809828,0.58,127.63303285838906,12.875835998836871,1.282349520209363,0.1831927886013376,7.955801104972376,15.93777260831637,1.1776679267228845,76.45585400861185,36.59161369694485,22.77450022372492,19.75431622284277,34.07385867984879
5458,Odion Jude Ighalo,Watford,37,3271.0,1,3.054111892387649,0.4127178232956282,15.163719258696984,2.5313359828798534,0.5760869565217391,109.59033934576584,18.324671354325893,0.8529501681442984,0.0550290431060837,0.6603485172730053,13.702231733414855,1.650871293182513,81.1205372834547,39.98418277680141,22.00383471503911,17.86715367358257,19.45276673800061
10955,Harry Kane,Tottenham Hotspur,38,3473.0,2,4.0944428448027645,0.5182839044054132,18.693675620606843,2.487762741145984,0.5833333333333334,122.10768787791535,15.911315865246186,1.0106536135905555,0.0259141952202706,2.487762741145984,12.723869853152896,1.5807659084365102,81.45668505942277,36.34316638370118,20.765581981691,21.76044048129677,26.04376619637201
4831,Nacer Chadli,Tottenham Hotspur,29,1041.0,0,2.2478386167146973,0.2593659942363112,16.160761977672035,2.9394812680115274,0.3823529411764705,127.17579250720462,12.01729106628242,1.6426512968299714,0.1729106628242075,2.07492795389049,14.870317002881846,0.69164265129683,77.47641060503061,33.637389530931344,23.80377823422848,23.71060228013212,33.544668587896254
26696,Arouna Koné,Everton,25,1515.0,0,2.1980198019801978,0.297029702970297,16.27689792677566,3.386138613861386,0.5789473684210527,140.79207920792078,10.99009900990099,0.5346534653465347,0.1782178217821782,1.6633663366336633,10.693069306930692,1.0693069306930694,75.00746835443037,36.973164556962026,22.61439571579948,22.4036021559846,35.168316831683164
9528,Steven Naismith,Norwich City,23,1364.0,0,1.7155425219941347,0.2639296187683284,17.153522208213325,2.0454545454545454,0.3548387096774194,126.75219941348972,11.54692082111437,1.1876832844574778,0.0659824046920821,2.1114369501466275,19.530791788856305,2.8372434017595305,78.20364393545027,32.397917751171256,21.97207108117674,20.974507613675467,33.387096774193544
4807,Cameron Jerome,Norwich City,34,1859.0,1,2.372243141473911,0.1452393760086067,13.487057386070878,1.888111888111888,0.3846153846153846,98.375470683163,15.346960731576116,0.2904787520172135,0.0968262506724045,5.422270037654654,10.89295320064551,0.5325443786982249,83.32790354330709,41.65752952755905,21.25321013118868,21.556596958705548,21.01129639591178
23663,Dieumerci Mbokani Bezua,Norwich City,29,1697.0,1,1.962286387743076,0.3712433706540954,12.663142329617555,2.068355922215675,0.6410256410256411,121.23747790218032,15.698291101944609,1.1137301119622864,0.0530347672362993,7.159693576900413,8.379493223335297,2.704773129051267,81.73840769903761,41.300131233595806,21.162564214875825,22.63541799568313,25.032410135533294
20039,Anthony Martial,Manchester United,31,2741.0,0,1.871579715432324,0.3611820503465888,16.965976101749614,4.465523531557825,0.5367647058823529,141.81320685881064,14.447282013863552,1.0507114191900766,0.0985041955490696,2.1999270339292227,12.21452024808464,2.101422838380153,82.10845103033107,29.17089604075017,21.721169966497097,24.920936389571487,30.79897847500912
3603,Mame Biram Diouf,Stoke City,26,1360.0,1,2.117647058823529,0.3308823529411764,13.355809783232962,1.3897058823529411,0.5714285714285714,84.375,13.301470588235292,0.4632352941176471,0.0661764705882353,3.044117647058824,14.029411764705882,1.8529411764705883,77.90847058823532,42.35090196078431,24.658196561405227,23.692413387572905,18.0
3265,José Luis Sanmartín Mato,Stoke City,22,1164.0,0,2.242268041237113,0.3092783505154639,16.88350044753715,1.9329896907216493,0.4,113.659793814433,12.603092783505154,0.6185567010309279,0.0773195876288659,4.407216494845361,20.489690721649485,1.6237113402061856,76.75217687074829,41.79238095238095,21.930528655232425,22.673482588663184,29.072164948453608
3670,Jonathan Walters,Stoke City,27,1821.0,1,1.6309719934102145,0.2471169686985173,13.374002672048173,1.6803953871499178,0.4705882352941176,109.07742998352552,14.184514003294892,0.9390444810543658,0.0988467874794069,5.28830313014827,10.971993410214168,1.28500823723229,79.04888989578615,46.94304485727231,24.96535410633789,22.231779940022065,26.54036243822076
4271,Andy Carroll,West Ham United,27,1531.0,1,3.233180927498367,0.4702808621815806,14.045781468908542,1.2932723709993468,0.4545454545454545,102.63879817112998,16.636185499673417,0.8229915088177662,0.0587851077726975,9.581972566949704,9.640757674722405,1.70476812540823,76.99318442153493,38.468843069873984,23.530444914086896,19.673867938120928,25.453951665578053
11062,Graziano Pellè,Southampton,30,2286.0,2,3.228346456692913,0.4330708661417323,14.877210868109772,1.141732283464567,0.4827586206896552,134.4488188976378,19.88188976377953,1.0236220472440944,0.2362204724409448,6.0236220472440944,10.196850393700789,1.3385826771653544,80.44732064421669,38.2684626647145,21.02448473599352,19.308679675569728,35.0
42699,Gabriel Imuetinyan Agbonlahor,Aston Villa,15,1062.0,1,0.9322033898305084,0.0847457627118644,15.989213050849258,1.1016949152542372,0.4615384615384615,84.91525423728814,10.169491525423728,0.9322033898305084,0.1694915254237288,3.0508474576271185,15.423728813559322,1.4406779661016949,77.76886227544911,36.94381237524951,22.31860810998436,19.7580147874235,19.745762711864405
3962,Diafra Sakho,West Ham United,21,1567.0,1,2.6419910657306955,0.2871729419272495,14.190528646283765,2.871729419272495,0.44,109.18315252074026,15.966815571155074,0.6892150606253988,0.0574345883854499,4.422463305679642,14.645820038289726,1.780472239948947,80.83682272488161,45.00210415570753,23.90422458210654,21.636597033391453,20.676451818761965
3083,Heung-Min Son,Tottenham Hotspur,28,1166.0,0,2.9331046312178386,0.3087478559176672,19.91697201376722,3.782161234991424,0.4897959183673469,136.31217838765008,12.041166380789022,1.3121783876500857,0.0771869639794168,0.7718696397941681,23.00171526586621,1.1578044596912522,78.32434881087201,40.82763306908267,23.49662553783888,22.651096432531176,35.12006861063465
28559,Enner Remberto Valencia Lastra,West Ham United,19,1070.0,0,2.7757009345794392,0.3364485981308411,19.846957453608905,3.02803738317757,0.4444444444444444,109.26168224299064,10.345794392523365,0.5887850467289719,0.1682242990654205,2.186915887850468,17.327102803738317,1.7663551401869158,75.56658968437259,38.85150115473442,25.59863788825248,23.176569699653903,21.785046728971963
6950,Alberto Paloschi,Chievo,31,2404.0,1,2.096505823627288,0.3369384359400998,13.984266694026696,1.3103161397670549,0.3428571428571428,103.7396006655574,15.162229617304494,0.5241264559068219,0.0748752079866888,1.0108153078202995,17.895174708818637,1.1605657237936773,77.86860339227715,40.74301696138578,23.280453127741307,20.272985870587966,21.863560732113147
6399,Gareth Frank Bale,Real Madrid,23,1771.0,2,4.116318464144551,0.9655561829474872,17.827474857454376,3.5064935064935066,0.5072463768115942,146.56126482213438,14.889892715979672,1.981931112365895,0.5081874647092038,1.6261998870694525,10.062111801242237,1.5753811405985318,79.55062413314839,47.396636615811374,22.588732177476672,22.7379737411383,40.19762845849802
5207,Cristiano Ronaldo dos Santos Aveiro,Real Madrid,36,3274.0,2,6.26756261453879,0.7971899816737935,18.94087484540574,2.611484422724496,0.5684210526315789,128.56750152718388,22.07391569945021,0.9346365302382408,0.2748930971288943,1.7318265119120342,4.700671960904093,1.3194868662186927,84.17126363053241,31.178255291853755,19.997905266782663,20.312844308692185,31.50274893097129
19677,Karim Benzema,Real Madrid,27,2008.0,2,4.392430278884462,1.0756972111553784,13.306069340704834,2.196215139442231,0.5510204081632653,120.6125498007968,20.84163346613546,1.4342629482071714,0.2241035856573705,0.851593625498008,10.129482071713149,1.2101593625498008,83.13771832032702,36.21389817911556,20.77342102373934,19.863876411839453,30.79183266932271
6602,Miguel Ángel Guerrero Martín,Sporting Gijón,23,1122.0,0,1.7647058823529411,0.160427807486631,16.94422109688007,2.085561497326203,0.6923076923076923,96.6577540106952,11.550802139037431,0.9625668449197862,0.0802139037433155,2.165775401069519,23.58288770053476,1.2032085561497323,77.90082987551867,44.31311203319501,21.378183690400785,20.85555206991595,22.219251336898395
6880,Arnaldo Antonio Sanabria Ayala,Sporting Gijón,29,2298.0,1,2.036553524804177,0.391644908616188,13.991603326099677,2.154046997389034,0.509090909090909,108.79895561357702,10.848563968668408,0.4699738903394256,0.0391644908616188,3.485639686684073,15.939947780678851,1.6840731070496084,77.42775377969762,38.19820014398848,20.39809974159959,21.46195061811281,24.43864229765013
27250,Nabil Ghilas,Levante UD,20,1059.0,0,1.7847025495750708,0.0,17.55145900327431,3.144475920679887,0.4864864864864865,99.09348441926346,11.13314447592068,0.7648725212464589,0.0849858356940509,3.739376770538244,14.277620396600566,0.934844192634561,78.19837049742709,35.399828473413386,22.76007810068283,21.47081468720969,19.971671388101985
23791,Víctor Casadesús Castaño,Levante UD,23,1013.0,0,1.0661401776900297,0.2665350444225074,18.69524115651303,1.688055281342547,0.7894736842105263,116.74234945705824,5.686080947680158,0.9772951628825272,0.0888450148075024,4.442250740375124,11.372161895360316,1.4215202369200397,74.97488584474888,38.80159817351598,21.546800700353497,23.429568776053884,34.38302073050345
6566,Borja González Tomás,Eibar,36,2642.0,1,3.202119606358819,0.5109765329295988,14.43570132155422,0.8856926570779712,0.5769230769230769,96.74489023467068,15.124905374716125,0.5450416351249053,0.1021953065859197,3.133989401968205,18.76987130961393,1.1922785768357305,82.03401408450705,39.954119718309855,20.32232289456069,22.11894694631363,22.04012112036336
6700,Sergio Enrich Ametller,Eibar,38,2498.0,1,1.5852682145716572,0.3242594075260208,14.696146113975844,1.5852682145716572,0.5,121.84947958366692,15.240192153722978,0.7566052842273818,0.2522017614091273,6.953562850280224,20.64451561248999,2.161729383506805,79.22191011235957,42.14671791839148,20.909842416760352,21.07958658512804,30.87670136108887
25134,Deyverson Brum Silva Acosta,Levante UD,33,2228.0,1,2.9084380610412923,0.3635547576301615,15.490944898898668,1.736983842010772,0.3953488372093023,105.51166965888687,13.168761220825852,0.807899461400359,0.0403949730700179,7.715439856373428,19.228007181328543,3.070017953321364,77.18472434915773,36.893032159264926,22.645103156666924,21.82500719812131,25.852782764811487
8167,Sergio Ezequiel Araújo,Las Palmas,30,1893.0,1,2.9001584786053884,0.2377179080824089,18.242710889096607,2.472266244057052,0.5,112.29793977812996,12.123613312202853,0.7606973058637084,0.1426307448494453,2.757527733755943,13.312202852614895,1.1410459587955626,78.66303979678237,34.025063505503816,21.232986050062383,19.622817122870675,24.912836767036453
3497,Vicente Iborra De La Fuente,Sevilla,29,1778.0,1,1.6197975253093364,0.3543307086614173,12.261351216913257,0.5568053993250844,0.5454545454545454,101.54105736782904,14.021372328458945,0.5568053993250844,0.1012373453318335,6.276715410573678,13.76827896512936,1.4173228346456694,67.38948155533399,38.817298105682944,26.634297936134114,19.213645991871616,32.902137232845895
3486,Fernando Llorente Torres,Sevilla,24,1205.0,1,2.3153526970954355,0.2987551867219917,10.741344189229826,1.4937759336099583,0.5,108.37344398340248,22.55601659751037,1.045643153526971,0.2240663900414937,9.41078838174274,15.236514522821576,0.5975103734439834,81.5053756030324,39.154583046175055,23.17925291564173,17.115423963143314,29.352697095435683
7788,Ciro Immobile,Torino,22,1370.0,1,3.3503649635036497,0.3284671532846716,15.9343871113366,2.562043795620438,0.4615384615384615,112.5985401459854,19.708029197080293,1.3138686131386863,0.1313868613138686,1.1824817518248176,16.94890510948905,1.6423357664233578,81.92357059509916,35.13471411901984,23.835793854993863,20.378176954284108,22.072992700729927
6401,Kevin Gameiro,Sevilla,31,2152.0,1,3.052973977695168,0.5018587360594796,13.806097650617868,2.049256505576208,0.4285714285714285,90.12546468401489,21.2453531598513,0.8782527881040892,0.1254646840148699,1.338289962825279,13.717472118959108,0.9618959107806692,85.9938747099768,41.635220417633406,23.39244071631764,20.78811565682724,18.35966542750929
6732,Lucas Pérez Martínez,RC Deportivo La Coruña,36,3233.0,2,2.7281163006495515,0.4454067429631921,19.089343994127045,2.060006186204764,0.5540540540540541,121.70739251469224,12.41571296009898,1.6702752861119703,0.1948654500463965,0.4175688215279926,15.310856789359727,1.69811320754717,84.82987191216833,41.02982616651418,18.790915946927463,22.60070110537915,28.47819362820909
24035,Álvaro Vázquez García,Getafe,34,2040.0,1,2.117647058823529,0.1764705882352941,15.00245903261236,1.6323529411764708,0.3513513513513513,89.69117647058825,14.11764705882353,0.8823529411764707,0.1764705882352941,1.6764705882352942,15.882352941176473,1.5,81.26822429906541,43.49847515986227,22.67524189132641,23.52339423587271,18.308823529411764
23416,Stefan Šćepović,Getafe,34,1902.0,1,1.419558359621451,0.2839116719242902,12.1003444331398,0.8990536277602523,0.3684210526315789,94.1167192429022,10.220820189274448,0.946372239747634,0.0473186119873817,2.22397476340694,9.700315457413248,2.034700315457413,77.38129713423831,42.40749120160884,22.329140376004595,24.083391221348204,23.280757097791795
8419,Duje Čop,Málaga,31,2074.0,0,2.1263259402121504,0.2603664416586306,14.372334411060384,2.082931533269045,0.3333333333333333,112.9122468659595,10.675024108003855,0.6509161041465766,0.1301832208293153,2.516875602700096,17.097396335583415,1.0414657666345226,76.6435818601076,30.248616448885475,22.56391875537537,20.880427120831445,29.942140790742528
6707,Charles Días Barbosa de Oliveira,Málaga,35,3092.0,1,2.503234152652005,0.3201811125485123,15.746662653344368,0.7567917205692108,0.5769230769230769,100.01293661060802,15.048512289780078,0.9023285899094438,0.0873221216041397,4.104139715394567,12.079560155239326,1.4553686934023284,78.65424912689176,41.820896391152495,22.679038980289302,19.310939853677223,25.41073738680465
7141,Giuseppe Rossi,Levante UD,28,1574.0,0,2.801778907242693,0.2858958068614993,18.32393787314874,3.2020330368487926,0.6428571428571429,119.27573062261752,11.493011435832274,1.4866581956797966,0.1715374841168996,1.0864040660736975,16.524777636594663,1.7153748411689962,78.13082454458294,38.08518696069032,20.18546352380933,18.233606517978963,27.789072426937736
6766,Gerard Moreno Balaguero,Espanyol,32,1978.0,0,2.457027300303337,0.2730030333670374,16.254508544674163,4.686552072800809,0.5533980582524272,134.95449949443883,15.288169868554096,0.5915065722952477,0.1365015166835187,2.957532861476239,15.925176946410517,1.1830131445904954,78.03189480782198,42.14868509777477,22.1123969613577,21.473894121695576,30.25783619817998
6721,Willian José da Silva,Las Palmas,30,1809.0,1,2.6865671641791047,0.4477611940298507,18.23317514473139,1.9402985074626864,0.6666666666666666,107.46268656716418,11.293532338308458,0.9950248756218906,0.0497512437810945,3.2338308457711444,12.985074626865671,1.791044776119403,76.34435185185183,34.63564814814816,21.863882053944547,18.75674563956421,27.363184079602
6761,Leonardo Carrilho Baptistão,Villarreal,26,1325.0,0,2.1735849056603773,0.2037735849056604,18.301154177593776,3.328301886792453,0.4081632653061224,125.4566037735849,11.954716981132076,0.4754716981132075,0.0679245283018867,2.7849056603773583,19.0188679245283,3.056603773584905,79.8969139144559,45.34537087168383,22.53087026730948,21.79204091086037,26.150943396226413
24173,Carlos Castro García,Sporting Gijón,25,1071.0,1,2.100840336134454,0.5882352941176471,14.715837190260952,1.84873949579832,0.4545454545454545,84.28571428571429,9.15966386554622,0.3361344537815126,0.0,1.596638655462185,11.680672268907564,2.016806722689076,76.81365902293122,40.0480558325025,22.3868387946519,21.110212233118137,17.058823529411764
6862,Cédric Bakambu,Villarreal,34,1924.0,1,2.2920997920997923,0.5613305613305614,15.189168608301378,2.0582120582120584,0.5681818181818182,108.43035343035343,12.20893970893971,0.6081081081081081,0.1403326403326403,1.7307692307692308,17.775467775467778,1.683991683991684,76.98912855910267,39.21686798964626,22.79308345016946,20.42898081934933,24.090436590436592
11542,Javier Guerra Rodríguez,Rayo Vallecano,30,2150.0,1,2.972093023255814,0.5023255813953489,14.42897126466226,1.9674418604651165,0.4680851063829787,116.95813953488371,17.49767441860465,1.0046511627906978,0.0,4.018604651162791,15.655813953488371,2.7209302325581395,77.59212598425198,38.132856120257706,22.730690018310867,21.83016901219473,27.753488372093024
26685,Nicolás Ladislao Fedor Flores,Rayo Vallecano,22,1590.0,1,2.3773584905660377,0.5094339622641509,11.69793113214562,2.0943396226415096,0.4324324324324324,100.18867924528304,14.49056603773585,1.2452830188679245,0.169811320754717,2.490566037735849,19.92452830188679,1.4716981132075473,76.8475141242938,42.080677966101696,23.124556786861515,22.007896107210826,23.150943396226417
6630,Jorge Molina Vidal,Real Betis,23,963.0,1,1.2149532710280373,0.0934579439252336,12.855143423761156,0.8411214953271028,0.6666666666666666,106.72897196261682,11.214953271028037,0.7476635514018691,0.0934579439252336,3.2710280373831773,12.05607476635514,2.242990654205608,78.63450087565673,42.17530647985989,20.41749663178245,22.144250926012297,28.03738317757009
6832,Rubén Castro Martín,Real Betis,38,3481.0,1,2.6630278655558746,0.4136742315426601,17.691415068161117,1.4737144498707269,0.4385964912280701,103.16001149095088,11.582878483194484,0.6722206262568228,0.103418557885665,1.1376041367423153,6.205113473139902,1.7581154840563056,81.0574185463659,35.21398496240601,20.509006490340056,23.089407240693543,26.42344153978741
6393,Iñaki Williams Arthuer,Athletic Club,25,1638.0,0,2.4725274725274726,0.4395604395604395,19.263580636237617,3.131868131868132,0.5614035087719298,118.021978021978,11.538461538461538,0.5494505494505495,0.1648351648351648,1.2637362637362637,15.769230769230768,2.5824175824175826,80.47928305400376,55.04874301675978,24.04559495866448,18.781121739708286,26.64835164835165
6391,Raúl García Escudero,Athletic Club,31,2445.0,0,2.9079754601226995,0.2576687116564417,22.297499445977486,1.6564417177914113,0.4666666666666667,128.24539877300614,8.981595092024541,0.6257668711656442,0.2208588957055214,4.822085889570553,23.52147239263804,3.202453987730061,72.89816303099884,46.42709529276692,21.89635805451429,21.00377284328293,35.77914110429448
6394,Aritz Aduriz Zubeldia,Athletic Club,34,2866.0,1,3.0146545708304258,0.5338450802512212,13.813709548784711,2.0097697138869504,0.390625,109.09281228192604,16.329378925331472,0.8164689462665736,0.1884159106769016,6.092114445219818,9.829030006978366,2.166782972784368,81.81974668969487,41.92464018422568,19.980044343208096,18.08765574599952,23.834612700628053
6382,Fernando José Torres Sanz,Atlético Madrid,30,1751.0,1,2.929754426042261,0.5653912050256996,16.088137683951814,3.700742432895488,0.4444444444444444,105.8309537407196,15.933752141633352,0.7195888063963449,0.1027984009137635,4.111936036550542,15.00856653340948,2.158766419189035,80.508499271491,38.78839242350655,23.514394765263816,21.62464521129283,19.994288977727013
5487,Antoine Griezmann,Atlético Madrid,38,3112.0,0,2.660668380462725,0.6073264781491002,17.472209897828854,2.3714652956298203,0.5609756097560976,144.02313624678663,11.82840616966581,1.417095115681234,0.1446015424164524,1.7352185089974297,17.901670951156813,1.301413881748072,74.43188755020078,42.34128514056224,22.849412813354043,21.673381374298845,40.31491002570694
6038,John Guidetti,Celta Vigo,35,1330.0,1,2.233082706766917,0.4060150375939849,14.42754272173272,1.827067669172932,0.5925925925925926,94.53383458646616,16.57894736842105,1.0827067669172932,0.0,2.1654135338345863,17.796992481203006,2.097744360902256,83.9277022190408,41.02340730136005,20.40032313252228,19.057648379635108,21.38345864661654
5217,Iago Aspas Juncal,Celta Vigo,35,2717.0,2,2.716231137283769,0.430622009569378,16.996846014957352,2.1862348178137654,0.5151515151515151,124.74788369525211,17.754876702245124,1.3581155686418844,0.1656238498343761,0.9606183290393816,14.641148325358852,1.6231137283768864,80.80103558151886,45.3079394583112,21.626691566067,18.36685876677417,32.329775487670226
23785,Théo Bongonda Mbul''Ofeko Batombo,Celta Vigo,23,1235.0,0,1.3846153846153846,0.145748987854251,17.045630242601668,4.080971659919028,0.375,107.19838056680162,6.704453441295546,0.728744939271255,0.0728744939271255,0.6558704453441295,10.34817813765182,2.623481781376518,75.44303195105371,28.776818490822567,25.374709009024265,26.79220108718616,24.412955465587043
6594,Santiago Mina Lorenzo,Valencia,26,1617.0,0,1.3358070500927643,0.222634508348794,18.25093303132764,3.3951762523191094,0.2950819672131147,123.5064935064935,7.903525046382189,0.5009276437847866,0.0556586270871985,2.282003710575139,22.708719851577,3.061224489795918,73.76295628661556,40.08877872915727,23.52101239078971,26.9426298726966,31.05751391465677
6402,Francisco Alcácer García,Valencia,34,2504.0,1,2.264376996805112,0.3953674121405751,15.600056781133738,0.970447284345048,0.4074074074074074,79.86421725239617,12.256389776357828,0.8626198083067094,0.1797124600638977,0.8626198083067094,13.981629392971248,0.8626198083067094,79.51831683168318,39.68447344734473,22.07007847434194,18.363705427227146,17.252396166134186
6685,Mikel Oyarzabal Ugarte,Real Sociedad,22,1552.0,0,1.855670103092784,0.3479381443298969,18.034658049034284,3.247422680412371,0.2857142857142857,117.71907216494846,8.06056701030928,1.2177835051546393,0.0579896907216494,2.0876288659793816,22.094072164948454,2.26159793814433,76.77940886699508,35.35147783251231,24.660269389243656,24.669175742333984,29.63273195876289
8584,Jonathas Cristian de Jesus,Real Sociedad,27,1671.0,1,3.1238779174147218,0.3770197486535009,14.94690829919774,2.9084380610412928,0.5185185185185185,101.68761220825851,17.55834829443447,0.7001795332136445,0.1077199281867145,3.55475763016158,16.58886894075404,2.0466786355475763,82.41822033898302,36.32574152542372,21.8603599099405,19.93988780082433,19.820466786355475
20542,Álvaro Negredo Sánchez,Valencia,25,1215.0,1,2.888888888888889,0.3703703703703703,16.848400864100363,1.7037037037037035,0.5652173913043478,101.48148148148148,15.259259259259258,0.8888888888888888,0.1481481481481481,7.185185185185185,9.777777777777777,1.259259259259259,79.36437956204378,40.98,21.806140930464853,18.560944633650266,26.444444444444443
6847,Adalberto Peñaranda Maestre,Granada,23,1705.0,0,1.1612903225806452,0.2639296187683284,20.52517564220767,3.4838709677419355,0.6060606060606061,99.71260997067448,5.912023460410557,0.6334310850439883,0.158357771260997,0.7390029325513197,20.95601173020528,2.164222873900293,78.20884065643197,39.42451032292218,19.56925996573941,24.187141769618307,20.11143695014663
27109,Youssef El-Arabi,Granada,35,2604.0,1,2.4884792626728114,0.3110599078341014,16.307407611091346,2.2119815668202767,0.578125,98.77880184331798,12.442396313364055,0.7258064516129032,0.0345622119815668,3.0414746543778803,18.07603686635945,1.8663594470046083,76.11595521343597,39.63428971308607,22.88515912556286,20.651211080881183,22.223502304147463
26009,Roberto Soldado Rillo,Villarreal,28,2303.0,0,1.6022579244463744,0.1953973078593139,17.34352520357707,1.7976552323056882,0.5,124.38992618323924,11.958315240990013,0.7034303082935303,0.3907946157186279,2.110290924880591,13.834129396439428,2.7355623100303954,76.4386742067232,43.67049952874646,22.062180777836577,20.12025127670028,31.96699956578376
26690,Alberto Mateus Contreiras Gonçalves,Rayo Vallecano,28,1032.0,1,2.1802325581395348,0.3488372093023256,12.197905404887122,1.0465116279069768,0.5,82.15116279069768,13.69186046511628,0.6976744186046512,0.0872093023255814,8.546511627906977,13.77906976744186,1.5697674418604652,77.67292993630574,39.47781316348196,23.4165519270948,20.590890795513847,21.01744186046512
7781,Felipe Salvador Caicedo Corozo,Espanyol,31,2189.0,1,1.726815897670169,0.3289173138419369,13.611203009867566,2.754682503426222,0.5671641791044776,94.15258108725445,10.27866605756053,0.5756052992233897,0.0,3.9058931018730014,12.951119232526269,1.6445865692096848,78.25711790393012,42.97388646288209,20.49827800817691,19.321837752994625,21.379625399725903
6744,Luciano Vietto,Atlético Madrid,19,984.0,0,2.2865853658536586,0.0914634146341463,14.955429711661273,2.8353658536585367,0.6451612903225806,146.79878048780486,14.634146341463412,0.823170731707317,0.274390243902439,0.9146341463414632,18.841463414634145,2.1036585365853657,79.49090342679126,39.75489096573208,21.16880540410301,21.102249132404253,34.29878048780488
6666,Sabin Merino Zuloaga,Athletic Club,22,1168.0,0,2.0804794520547945,0.3852739726027397,14.832867303722551,3.082191780821918,0.4,106.33561643835615,10.787671232876711,0.7705479452054795,0.0,2.928082191780822,14.794520547945206,0.7705479452054795,79.8795652173913,28.64934782608696,23.00851612563742,23.454314355647007,24.888698630136982
6677,Imanol Agirretxe Arruti,Real Sociedad,16,1197.0,2,3.3834586466165413,0.9774436090225564,13.158963732872934,1.5789473684210529,0.2857142857142857,100.30075187969923,15.864661654135338,0.225563909774436,0.0,2.406015037593985,11.804511278195488,2.1052631578947367,78.75637181409293,39.75142428785608,21.585319377377267,21.50388815115956,24.81203007518797
26020,Ángel Lafita Castillo,Getafe,14,1031.0,0,2.4442289039767218,0.2618816682832202,20.52281972124793,3.4917555771096027,0.4,109.90300678952474,7.507274490785646,0.6110572259941804,0.1745877788554801,2.3569350145489816,17.458777885548013,2.095053346265761,75.20730738681495,23.79364575059571,25.76895467875892,21.66548096080285,24.093113482056257
5246,Luis Alberto Suárez Díaz,Barcelona,35,3233.0,2,3.8694710794927314,1.0300030931023818,14.647648418042174,3.730281472316734,0.373134328358209,121.28982369316424,30.176306835756264,1.2527064645839778,0.4175688215279926,0.6681101144447882,9.325703680791834,2.143519950510362,87.32510901996784,41.878517328436985,21.22976998450421,19.56328847512529,27.08629755644912
26442,Boško Janković,Hellas Verona,15,922.0,0,1.4642082429501084,0.0976138828633405,17.968263206246277,1.0737527114967462,0.5454545454545454,90.39045553145336,7.321041214750542,0.2928416485900217,0.0,2.537960954446855,13.177874186550977,0.4880694143167028,74.0143628509719,41.4731101511879,27.66255742199844,26.818979217458747,23.134490238611715
386651,Juan Ignacio Gómez Taleb,Hellas Verona,33,1929.0,0,1.6796267496111976,0.046656298600311,17.61198829501134,1.3996889580093312,0.6666666666666666,114.9611197511664,12.55054432348367,1.026438569206843,0.0,3.6858475894245726,16.749611197511665,2.5194401244167963,76.68043831168829,32.24127435064935,24.410855223239604,22.213954572726298,30.4199066874028
6686,Giampaolo Pazzini,Hellas Verona,30,2001.0,1,3.5532233883058475,0.1349325337331334,16.160452682409776,0.8545727136431784,0.5263157894736842,93.77811094452774,18.035982008995504,0.494752623688156,0.0,2.0689655172413794,15.42728635682159,2.743628185907047,81.10354916067148,41.49587529976018,22.339610203540783,18.29654662712217,16.64167916041979
8103,Mattia Destro,Bologna,27,2215.0,1,2.72234762979684,0.2437923250564334,17.77599993373457,2.4379232505643342,0.3,105.39954853273136,15.521444695259593,0.3656884875846501,0.0812641083521444,2.072234762979684,15.927765237020315,2.316027088036117,78.57579028527368,37.24132613723979,23.082175779510884,19.598853185790823,16.781038374717834
11427,Filip Đorđević,Lazio,27,1356.0,1,1.327433628318584,0.1991150442477876,13.808804597518831,0.6637168141592921,0.4,103.93805309734516,18.45132743362832,0.7300884955752213,0.1327433628318584,2.3230088495575223,22.831858407079647,1.7256637168141595,81.00989782886333,42.570753512132825,22.895432469357527,20.227423131942825,22.43362831858408
19846,Antonio Di Natale,Udinese,23,1202.0,1,2.470881863560732,0.0748752079866888,17.717540324678623,0.5990016638935108,0.625,95.99001663893512,16.846921797004992,1.6472545757071548,0.2246256239600665,0.8985024958402663,8.835274542429286,0.8236272878535774,86.01482059282371,39.631435257410295,20.32707167184995,18.292465034412384,25.831946755407653
8272,Cyril Théréau,Udinese,36,2982.0,0,2.293762575452716,0.3319919517102616,14.983090659519934,2.2032193158953723,0.5068493150684932,142.18309859154928,12.37424547283702,1.3883299798792756,0.090543259557344,3.4708249496981893,17.022132796780685,2.0824949698189137,76.33167055826787,36.88522606665252,21.311433977097856,23.016942490983656,36.63983903420523
5474,Ivan Perišić,Inter Milan,34,2511.0,0,2.5448028673835124,0.2508960573476702,18.96702200311596,2.186379928315412,0.5245901639344263,151.72043010752688,10.28673835125448,0.7526881720430108,0.2150537634408602,2.8315412186379927,16.702508960573475,0.6451612903225806,76.60283486888731,27.166690290574056,23.962083334857383,25.937692534357105,44.9820788530466
6987,Mauro Emanuel Icardi Rivero,Inter Milan,33,2656.0,1,1.999246987951807,0.5082831325301205,13.309160666513764,0.5760542168674698,0.4117647058823529,88.94954819277108,19.21310240963855,0.9149096385542168,0.1355421686746988,2.0670180722891565,13.384789156626503,1.457078313253012,81.38373333333332,40.65173333333335,23.974905415481285,18.35878110502496,18.90813253012048
7696,Ryder Matos Santos,Carpi,26,1672.0,0,1.8301435406698563,0.1076555023923445,17.78069906744844,1.9916267942583727,0.6486486486486487,123.53468899521532,10.06578947368421,1.2380382775119618,0.1076555023923445,1.1842105263157896,17.49401913875598,2.422248803827751,78.61895424836601,41.62501089324619,23.12264812738248,26.222090708444387,26.860047846889955
11502,Antonio Di Gaudio,Carpi,29,1573.0,0,2.059758423394787,0.1716465352828989,17.35689457014691,3.547361729179911,0.532258064516129,110.76923076923076,13.502860775588047,0.5721551176096631,0.1716465352828989,0.2860775588048315,17.96567069294342,2.917991099809281,78.26126033057852,17.884969008264463,24.51026870446919,15.354601845362772,22.42848061029879
7793,Kevin Lasagna,Carpi,36,1630.0,1,2.3190184049079754,0.2760736196319018,20.768987375079195,1.4355828220858895,0.3846153846153846,107.28220858895706,15.791411042944786,1.1042944785276074,0.0552147239263803,3.975460122699386,19.65644171779141,0.9938650306748468,81.90494081317551,40.18492022645393,22.28020444988008,19.544487281575314,20.76073619631902
11643,Riccardo Meggiorini,Chievo,26,1683.0,0,2.085561497326203,0.267379679144385,19.846942164456724,1.711229946524064,0.375,108.66310160427808,12.13903743315508,0.9090909090909092,0.320855614973262,4.491978609625669,23.101604278074863,3.368983957219251,80.28508858267719,42.02263779527559,21.897440100719365,21.68247254081004,23.850267379679146
7043,Roberto Inglese,Chievo,26,1446.0,1,2.178423236514523,0.1867219917012448,18.25863406630596,1.4315352697095436,0.6086956521739131,109.1078838174274,13.070539419087137,0.6846473029045643,0.0622406639004149,3.6099585062240656,18.42323651452282,2.489626556016597,79.3443810610382,38.84284084426696,21.78318755859756,19.15664958750567,19.107883817427386
32608,Jerry Uche Mbakogu,Carpi,24,1739.0,1,1.8113858539390453,0.0517538815411155,13.929684930789806,1.863139735480161,0.4166666666666667,126.1759631972398,17.33755031627372,1.0868315123634271,0.1035077630822311,2.9499712478435884,12.67970097757332,2.3289246693502013,82.66575061525842,38.78966365873667,21.119558195720646,20.153145811636605,23.49626221966648
8180,Leonardo Pavoletti,Genoa,25,1976.0,1,3.0516194331983804,0.6376518218623481,13.022959351559065,0.5921052631578947,0.5384615384615384,103.25404858299596,18.40080971659919,0.819838056680162,0.1366396761133603,5.82995951417004,14.620445344129555,1.7307692307692308,79.2660344067049,36.07423908248788,22.451987735252377,16.60958231786377,20.495951417004047
20252,Luca Toni,Hellas Verona,23,1841.0,1,3.0309614340032587,0.1466594242259641,14.285202891266652,1.1732753938077132,0.375,100.46170559478544,22.24334600760456,0.4888647474198804,0.0,5.670831070070613,10.559478544269416,3.226507332971212,83.25391727493918,40.92642335766423,21.280301092370927,17.709151347976494,17.599130907115697
15818,Gervais Lombe Yao Kouassi,AS Roma,14,1108.0,0,2.193140794223827,0.4873646209386282,16.585906640238548,3.8176895306859207,0.5957446808510638,117.12996389891696,12.915162454873649,0.9747292418772564,0.0812274368231047,0.0,11.128158844765345,0.4873646209386282,81.98023578363386,41.24063800277393,21.146813708960803,25.983701263568964,26.80505415162455
3531,Mohamed Salah,AS Roma,34,2773.0,2,2.3692751532636134,0.4543815362423368,18.37083910928359,3.2131265777136675,0.4747474747474747,152.70465200144247,15.513883880274072,1.720158672917418,0.1947349441038586,0.421925712225027,14.702488279841328,1.5254237288135593,81.50977683315621,56.23139213602551,22.2175269978752,19.59996526370033,38.81716552470249
6973,Edin Džeko,AS Roma,31,2058.0,1,3.8483965014577257,0.2623906705539358,13.914213905001198,1.793002915451895,0.5121951219512195,128.2215743440233,26.676384839650144,0.6559766763848396,0.1749271137026239,5.772594752186588,13.338192419825072,2.317784256559767,82.86255115961804,38.8868690313779,21.970372802409287,18.812344323031,26.151603498542272
38389,Alberto Gilardino,Palermo,33,2418.0,1,1.823821339950372,0.3722084367245657,11.063532243813263,0.8933002481389578,0.375,101.24069478908189,18.23821339950372,0.7444168734491314,0.0372208436724565,3.759305210918114,10.794044665012406,1.6749379652605458,81.33290441176472,40.42422794117647,21.483461705658826,19.751551999506766,20.06203473945409
6334,Luis Fernando Muriel Fruto,Sampdoria,32,1757.0,0,2.8685258964143423,0.3073420603301081,19.21581871892016,4.815025611838361,0.4787234042553192,132.87421741605007,13.062037564029596,1.0756972111553784,0.2561183836084234,1.6903813318155947,16.084234490608992,2.100170745589072,80.1807632999229,42.58118735543562,19.859922818181527,20.519099757882127,26.22652248150256
8871,Marco Borriello,Atalanta,27,1667.0,1,2.969406118776245,0.3779244151169766,16.454964138115564,2.6454709058188364,0.5102040816326531,123.74325134973006,18.08638272345531,0.8098380323935214,0.1619676064787042,3.131373725254949,12.255548890221956,1.6196760647870427,79.89144851657942,39.75924956369983,22.742537011058243,20.260075100227592,22.94541091781644
7017,Duván Esteban Zapata Banguera,Udinese,25,1589.0,1,2.945248584015104,0.4531151667715544,13.481534431809193,1.9823788546255507,0.4285714285714285,110.22026431718062,18.634361233480178,0.4531151667715544,0.1132787916928886,3.3417243549402142,14.669603524229077,2.6620516047828824,81.1002569373073,41.47009249743061,22.836154979336,21.062727479881456,18.464443045940843
13613,Daniel Ciofani,Frosinone,37,2999.0,1,2.310770256752251,0.2100700233411137,16.88602407453935,0.9903301100366788,0.4848484848484848,94.1413804601534,15.245081693897966,1.0503501167055689,0.0300100033344448,5.281760586862288,16.32544181393798,1.5905301767255753,78.61275103602166,39.824641377111895,22.246519608010782,17.88030283829869,18.24608202734245
24235,Federico Dionisi,Frosinone,32,2523.0,0,3.0677764565992867,0.2853745541022592,24.106330051687827,3.103448275862069,0.4482758620689655,116.9678953626635,11.12960760998811,0.89179548156956,0.1070154577883472,0.535077288941736,19.976218787158142,3.210463733650416,78.8713022262885,35.58624580664837,22.91149159149364,22.455755350557663,21.97384066587396
7471,Andrea Belotti,Torino,35,2683.0,1,2.448751397689154,0.2683563175549758,16.602037347502485,1.2746925083861351,0.5,91.6772269847186,13.484904957137534,0.7379798732761834,0.1006336190831159,1.7443160641073427,18.88557584793142,3.5221766679090574,75.47332601536775,39.85601902671056,23.43896906724828,17.36504888008558,17.97987327618338
12619,Josef Alexander Martínez Mencia,Torino,21,983.0,1,3.204476093591048,0.2746693794506612,17.894976900204703,0.9155645981688708,0.7,72.69582909460834,12.268565615462869,1.190233977619532,0.091556459816887,0.7324516785350966,12.817904374364192,1.4649033570701933,77.30465994962216,39.05239294710327,22.11974034191375,14.028078196995084,14.09969481180061
5497,Gonzalo Gerardo Higuaín,Napoli,35,3031.0,2,5.404157043879907,0.9798746288353678,16.916246961844283,1.930056087099967,0.6,131.92675684592544,23.368525239194984,1.39557901682613,0.0593863411415374,0.5047838997030683,11.936654569449026,1.1283404816892115,83.5902318253432,40.71336934503712,19.54439129683788,15.749761194584911,28.000659848234903
19286,Miroslav Klose,Lazio,24,1414.0,1,1.9094766619519097,0.3818953323903819,11.680545913185869,1.845827439886846,0.4137931034482758,93.81895332390384,18.521923620933524,0.5728429985855729,0.3818953323903819,3.373408769448374,14.766619519094768,1.4002828854314004,78.51858887381276,42.02991858887381,24.271172836196914,17.96270315422125,20.17680339462518
7054,Manuel Pucciarelli,Empoli,38,3156.0,0,1.6539923954372624,0.1711026615969582,16.96904446405583,1.7680608365019013,0.5161290322580645,123.07984790874524,13.003802281368822,1.1121673003802282,0.0855513307984791,0.3136882129277566,19.96197718631179,2.0247148288973387,79.79029193697868,37.99221501390176,19.52127877786955,21.614787754713088,30.17110266159696
36770,Mauricio Ricardo Pinilla Ferreira,Atalanta,20,1384.0,1,2.796242774566474,0.3251445086705202,17.980746520515567,1.365606936416185,0.3809523809523809,111.58959537572254,16.582369942196532,0.9754335260115606,0.130057803468208,4.617052023121387,16.90751445086705,2.145953757225433,77.42779720279721,37.18228438228439,22.93132704292424,20.460637652573173,22.82514450867052
7033,Nikola Kalinić,Fiorentina,36,2692.0,1,2.473997028231798,0.4011887072808321,12.904278538600412,0.8023774145616642,0.5833333333333334,97.89004457652302,17.284546805349184,0.5014858841010401,0.100297176820208,1.9056463595839523,15.111441307578009,2.8417533432392275,82.20679644808742,37.23227459016394,20.766173454823985,16.666279845762734,18.92273402674592
3556,Serge Gakpé,Genoa,18,913.0,1,2.267250821467689,0.2957283680175246,18.02661528733923,2.464403066812705,0.36,109.2223439211391,15.180722891566266,0.9857612267250822,0.0985761226725082,1.9715224534501643,16.46221248630887,1.0843373493975903,82.24043321299636,45.80640794223825,21.91704059412194,22.62613709577721,21.48959474260679
40252,Massimo Maccarone,Empoli,37,2814.0,1,2.6226012793176974,0.3837953091684435,17.516956103786818,1.631130063965885,0.3137254901960784,98.73134328358208,14.360341151385928,0.9914712153518124,0.1599147121535181,1.119402985074627,14.20042643923241,1.7590618336886994,82.24574020084225,32.14868804664722,21.81074114687469,20.291243315579774,20.724946695095948
8093,Diego Falcinelli,Sassuolo,26,1183.0,1,1.901944209636517,0.0760777683854607,16.331867797261157,1.293322062552832,0.5882352941176471,100.11834319526628,18.25866441251057,1.1411665257819104,0.0760777683854607,1.3693998309382924,24.725274725274726,2.586644125105664,82.13829787234043,40.26717325227963,20.62879788717541,18.47599736511232,17.041420118343197
6948,Sergio Floccari,Bologna,25,1629.0,1,2.541436464088397,0.3314917127071823,16.921729428523005,2.320441988950276,0.6428571428571429,123.59116022099448,18.23204419889503,0.718232044198895,0.0552486187845303,2.596685082872928,20.33149171270718,2.0994475138121547,79.45341975860528,35.84085829235583,22.092278392418105,19.97786376165502,24.97237569060773
7457,Gregoire Defrel,Sassuolo,33,2115.0,0,2.2127659574468086,0.2978723404255319,17.334656089296786,1.9574468085106385,0.4565217391304347,117.61702127659574,13.361702127659576,0.9361702127659576,0.1702127659574468,1.8297872340425527,23.78723404255319,2.042553191489361,78.71418234442838,41.274819102749646,21.972809997346324,19.3970038435747,24.80851063829787
5661,M''Baye Babacar Niang,AC Milan,16,1155.0,0,2.961038961038961,0.2337662337662337,19.85168087769901,5.376623376623376,0.4202898550724637,146.88311688311688,14.64935064935065,0.7792207792207793,0.1558441558441558,2.0259740259740258,18.77922077922078,2.3376623376623376,79.18111405835545,37.53925729442971,22.27681798301825,24.614303005483134,29.37662337662337
5688,Carlos Arturo Bacca Ahumada,AC Milan,38,3252.0,1,2.2416974169741697,0.4428044280442804,14.176227743865551,1.466789667896679,0.5471698113207547,96.69741697416974,17.490774907749078,1.1346863468634687,0.055350553505535,1.411439114391144,13.035055350553506,0.7749077490774907,84.4621350887235,37.44250143102461,20.676560375500568,19.009073982853607,18.79151291512915
7000,Eder Citadin Martins,Sampdoria,33,2466.0,0,2.9197080291970803,0.364963503649635,19.51198522540944,2.043795620437956,0.4821428571428571,113.7956204379562,11.423357664233576,0.7299270072992701,0.1094890510948905,0.656934306569343,14.416058394160585,1.9343065693430648,78.1122193713919,37.66215522771007,23.592719278711087,23.696254567711826,26.16788321167883
21272,Luiz Adriano de Souza da Silva,AC Milan,26,1262.0,1,1.8541996830427887,0.2139461172741679,14.181951003692593,0.9270998415213946,0.6923076923076923,94.20760697305865,14.76228209191759,0.7844690966719493,0.2139461172741679,2.2107765451664023,16.545166402535656,2.4960380348652933,82.22884178652538,43.55798637395912,21.420065146059045,19.15224983955004,19.54041204437401
5472,Mario Mandžukić,Juventus,27,2095.0,1,1.7183770883054892,0.4295942720763723,11.259367232461866,0.8162291169451074,0.5789473684210527,94.12410501193315,14.176610978520284,0.9880668257756564,0.1718377088305489,4.081145584725537,20.01909307875895,1.503579952267303,79.29963486992241,41.15901414879052,23.19921070467477,21.58997011193633,24.143198090692124
3477,Álvaro Borja Morata Martín,Juventus,34,1525.0,0,2.8918032786885246,0.3540983606557377,16.584891473376377,3.363934426229508,0.4035087719298245,137.5081967213115,13.809836065573773,1.180327868852459,0.3540983606557377,1.5934426229508196,20.419672131147543,3.540983606557377,78.9374678111588,32.0480686695279,21.64524924890556,20.777890778349008,30.57049180327869
49439,Germán Gustavo Denis,Atalanta,15,1015.0,1,2.2167487684729066,0.2660098522167488,14.755987760177788,1.41871921182266,0.5,129.2807881773399,17.911330049261085,1.41871921182266,0.0886699507389162,5.586206896551724,7.714285714285714,1.5960591133004929,76.23689986282578,38.16289437585733,21.2046377731732,21.387209852098657,29.615763546798032
27110,Antonio Floro Flores,Sassuolo,28,1328.0,0,3.998493975903614,0.2710843373493976,22.615053929974422,3.6596385542168672,0.5740740740740741,137.98192771084337,10.775602409638552,1.0843373493975903,0.1355421686746988,2.439759036144578,14.096385542168674,3.2530120481927707,78.20333988212181,28.36100196463654,21.56679118387711,20.253313095244057,33.95331325301205
15415,Matteo Mancosu,Carpi,21,954.0,1,1.1320754716981134,0.0943396226415094,13.968359162959642,1.0377358490566038,0.5454545454545454,86.41509433962264,11.509433962264152,0.9433962264150944,0.0,2.358490566037736,23.018867924528305,1.6037735849056605,78.97751091703056,41.88526200873363,22.668758119443343,20.14287479637289,18.018867924528305
7011,Fabio Quagliarella,Torino,32,2670.0,1,3.404494382022472,0.2359550561797752,18.27888622262554,1.0112359550561798,0.5333333333333333,98.79775280898876,15.876404494382022,0.5730337078651685,0.0337078651685393,1.5842696629213482,19.8876404494382,1.651685393258427,79.90593654042988,40.21037188672808,22.503031803805552,16.663702411537074,20.02247191011236
8193,Maximiliano Gastón López,Torino,26,1184.0,1,1.9763513513513515,0.152027027027027,14.872528342393554,1.2922297297297298,0.7647058823529411,87.41554054054055,18.31925675675676,0.7601351351351351,0.152027027027027,1.5962837837837838,15.506756756756756,0.9881756756756755,82.46634782608695,38.17434782608696,21.28779702819906,15.418001146623316,15.96283783783784
6979,Stephan El Shaarawy,AS Roma,16,1211.0,2,3.418662262592898,0.5945499587118084,18.13499789598947,2.3038810900082574,0.4516129032258064,152.5763831544178,18.95127993393889,0.8175061932287365,0.1486374896779521,1.1890999174236168,17.31626754748142,0.8175061932287365,78.52386751095958,19.064978080857287,24.348932954872925,15.595106016718214,39.83484723369117
8644,Sergio Pellissier,Chievo,19,995.0,1,1.9899497487437188,0.271356783919598,12.864136209104204,0.1809045226130653,0.0,85.74874371859296,11.758793969849249,1.1758793969849246,0.0,2.261306532663317,14.743718592964823,2.170854271356784,81.13544303797468,40.88080168776371,21.485178610130365,18.05993977492042,17.547738693467338
